Point,J1,J2,J3,J4,J5,J6,X_mm,Y_mm,Z_mm,RX_rad,RY_rad,RX_deg,RY_deg
P1,0.000000,0.000000,0.000000,-180.000000,45.000000,0.000000,0.171401,-61.252749,-1134.268721,2.356417082,0.000106862,135.012754,0.006123
P2,0.000000,0.000000,0.000000,-180.000000,46.000000,0.000000,0.171099,-64.081966,-1132.271481,2.338963789,0.000104980,134.012754,0.006015
P3,0.000000,0.000000,0.000000,-180.000000,47.000000,0.000000,0.170790,-66.875895,-1130.225168,2.321510497,0.000103067,133.012754,0.005905
P4,0.000000,0.000000,0.000000,-180.000000,48.000000,0.000000,0.170473,-69.633687,-1128.130406,2.304057204,0.000101122,132.012754,0.005794
P5,0.000000,0.000000,0.000000,-180.000000,49.000000,0.000000,0.170149,-72.354499,-1125.987833,2.286603912,0.000099147,131.012754,0.005681
P6,0.000000,0.000000,0.000000,-180.000000,50.000000,0.000000,0.169818,-75.037504,-1123.798102,2.269150619,0.000097141,130.012754,0.005566
P7,0.000000,0.000000,0.000000,-180.000000,51.000000,0.000000,0.169480,-77.681884,-1121.561879,2.251697327,0.000095106,129.012754,0.005449
P8,0.000000,0.000000,0.000000,-180.000000,52.000000,0.000000,0.169135,-80.286834,-1119.279846,2.234244034,0.000093042,128.012754,0.005331
P9,0.000000,0.000000,0.000000,-180.000000,53.000000,0.000000,0.168784,-82.851561,-1116.952698,2.216790742,0.000090949,127.012754,0.005211
P10,0.000000,0.000000,0.000000,-180.000000,54.000000,0.000000,0.168425,-85.375282,-1114.581144,2.199337449,0.000088829,126.012754,0.005090
P11,0.000000,0.000000,0.000000,-180.000000,55.000000,0.000000,0.168060,-87.857230,-1112.165905,2.181884157,0.000086682,125.012754,0.004967
P12,0.000000,0.000000,0.000000,-180.000000,56.000000,0.000000,0.167689,-90.296647,-1109.707719,2.164430864,0.000084508,124.012754,0.004842
P13,0.000000,0.000000,0.000000,-180.000000,57.000000,0.000000,0.167311,-92.692793,-1107.207334,2.146977572,0.000082309,123.012754,0.004716
P14,0.000000,0.000000,0.000000,-180.000000,58.000000,0.000000,0.166926,-95.044935,-1104.665511,2.129524280,0.000080084,122.012754,0.004588
P15,0.000000,0.000000,0.000000,-180.000000,59.000000,0.000000,0.166536,-97.352358,-1102.083024,2.112070987,0.000077835,121.012754,0.004460
P16,0.000000,0.000000,0.000000,-180.000000,60.000000,0.000000,0.166140,-99.614360,-1099.460661,2.094617695,0.000075563,120.012754,0.004329
P17,0.000000,0.000000,0.000000,-180.000000,61.000000,0.000000,0.165737,-101.830250,-1096.799219,2.077164402,0.000073267,119.012754,0.004198
P18,0.000000,0.000000,0.000000,-180.000000,62.000000,0.000000,0.165329,-103.999354,-1094.099511,2.059711110,0.000070949,118.012754,0.004065
P19,0.000000,0.000000,0.000000,-180.000000,63.000000,0.000000,0.164916,-106.121011,-1091.362357,2.042257818,0.000068609,117.012754,0.003931
P20,96.000000,0.000000,0.000000,-180.000000,53.000000,0.000000,172.965418,67.535894,-1156.366035,2.340895745,0.093243769,134.123446,5.342474
P21,97.000000,0.000000,0.000000,-180.000000,54.000000,0.000000,174.452189,66.347484,-1154.542182,2.324751362,0.092042793,133.198441,5.273664
P22,99.000000,0.000000,0.000000,-180.000000,54.000000,0.000000,178.162861,69.585613,-1154.871392,2.327241134,0.094002262,133.341095,5.385933
P23,101.000000,0.000000,0.000000,-180.000000,55.000000,0.000000,181.483875,70.044002,-1153.157414,2.312352324,0.093637361,132.488029,5.365026
P24,102.000000,0.000000,0.000000,-180.000000,56.000000,0.000000,182.933920,68.913745,-1151.242592,2.296230102,0.092216170,131.564294,5.283597
P25,104.000000,0.000000,0.000000,-180.000000,56.000000,0.000000,186.638673,72.150842,-1151.537284,2.298719370,0.094084917,131.706918,5.390669
P26,105.000000,0.000000,0.000000,-180.000000,57.000000,0.000000,188.068240,71.049514,-1149.577318,2.282610549,0.092539861,130.783951,5.302143
P27,107.000000,0.000000,0.000000,-180.000000,57.000000,0.000000,191.770705,74.286911,-1149.849435,2.285099828,0.094362624,130.926576,5.406580
P28,108.000000,0.000000,0.000000,-180.000000,58.000000,0.000000,193.179366,73.214966,-1147.844817,2.269005798,0.092692303,130.004456,5.310878
P29,110.000000,0.000000,0.000000,-180.000000,59.000000,0.000000,196.419511,73.793063,-1145.924236,2.254171394,0.091807859,129.154507,5.260203
P30,111.000000,0.000000,0.000000,-180.000000,59.000000,0.000000,198.266633,75.410433,-1146.045529,2.255417999,0.092671408,129.225932,5.309681
P31,113.000000,0.000000,0.000000,-180.000000,60.000000,0.000000,201.483761,76.018891,-1144.069972,2.240601676,0.091635744,128.377020,5.250341
P32,114.000000,0.000000,0.000000,-180.000000,60.000000,0.000000,203.329397,77.636249,-1144.179905,2.241849351,0.092475198,128.448506,5.298439
P33,116.000000,0.000000,0.000000,-180.000000,61.000000,0.000000,206.522998,78.275451,-1142.149858,2.227052953,0.091286805,127.600735,5.230349
P34,117.000000,0.000000,0.000000,-180.000000,62.000000,0.000000,207.854784,77.331620,-1139.974265,2.211024165,0.089180076,126.682353,5.109642
P35,119.000000,0.000000,0.000000,-180.000000,62.000000,0.000000,211.536610,80.563070,-1140.164359,2.213527501,0.090759277,126.825784,5.200124
P36,120.000000,0.000000,0.000000,-180.000000,63.000000,0.000000,212.845811,79.650957,-1137.946718,2.197519823,0.088522532,125.908611,5.071967
P37,122.000000,0.000000,0.000000,-180.000000,63.000000,0.000000,216.524003,82.882075,-1138.113948,2.200027637,0.090051508,126.052298,5.159571
P38,123.000000,0.000000,0.000000,-180.000000,64.000000,0.000000,217.810273,82.002105,-1135.854795,2.184042536,0.087683870,125.136420,5.023916
P39,125.000000,0.000000,0.000000,-180.000000,65.000000,0.000000,220.913825,82.771743,-1133.630369,2.169334562,0.085949860,124.293715,4.924564
P40,126.000000,0.000000,0.000000,-180.000000,65.000000,0.000000,222.747611,84.385384,-1133.698981,2.170594652,0.086662649,124.365913,4.965404
P41,128.000000,0.000000,0.000000,-180.000000,66.000000,0.000000,225.825632,85.187781,-1131.422661,2.155914955,0.084770793,123.524828,4.857009
P42,129.000000,0.000000,0.000000,-180.000000,66.000000,0.000000,227.657282,86.801111,-1131.479770,2.157178542,0.085457544,123.597226,4.896357
P43,131.000000,0.000000,0.000000,-180.000000,67.000000,0.000000,230.709361,87.636630,-1129.152079,2.142529039,0.083406931,122.757871,4.778865
P44,132.000000,0.000000,0.000000,-180.000000,68.000000,0.000000,231.912957,86.896322,-1126.735162,2.126635000,0.080590396,121.847210,4.617490
P45,134.000000,0.000000,0.000000,-180.000000,68.000000,0.000000,235.564507,90.118603,-1126.819129,2.129179201,0.081857177,121.992982,4.690071
P46,135.000000,0.000000,0.000000,-180.000000,69.000000,0.000000,236.743921,89.412620,-1124.363498,2.113313966,0.078907500,121.083971,4.521067
P47,137.000000,0.000000,0.000000,-180.000000,69.000000,0.000000,240.390585,92.634008,-1124.424316,2.115867831,0.080120549,121.230297,4.590569
P48,138.000000,0.000000,0.000000,-180.000000,70.000000,0.000000,241.545567,91.962749,-1121.930541,2.100032800,0.077037396,120.323016,4.413918
P49,140.000000,0.000000,0.000000,-180.000000,71.000000,0.000000,244.500525,92.938757,-1119.421646,2.085505986,0.074427626,119.490691,4.264389
P50,141.000000,0.000000,0.000000,-180.000000,71.000000,0.000000,246.317445,94.547010,-1119.436806,2.086793864,0.074979320,119.564481,4.295999
P51,143.000000,0.000000,0.000000,-180.000000,72.000000,0.000000,249.244945,95.558023,-1116.879300,2.072305410,0.072208525,118.734354,4.137244
P52,144.000000,0.000000,0.000000,-180.000000,72.000000,0.000000,251.059128,97.165705,-1116.882812,2.073599511,0.072732627,118.808500,4.167273
P53,146.000000,0.000000,0.000000,-180.000000,73.000000,0.000000,253.958866,98.212063,-1114.277247,2.059151235,0.069800510,117.980675,3.999275
P54,147.000000,0.000000,0.000000,-180.000000,74.000000,0.000000,255.027381,97.691155,-1111.639753,2.043430653,0.066267165,117.079952,3.796829
P55,149.000000,0.000000,0.000000,-180.000000,74.000000,0.000000,258.641899,100.901168,-1111.616010,2.046045761,0.067203160,117.229787,3.850457
P56,150.000000,0.000000,0.000000,-180.000000,75.000000,0.000000,259.685193,100.416994,-1108.943309,2.030360842,0.063536614,116.331107,3.640380
P57,152.000000,0.000000,0.000000,-180.000000,75.000000,0.000000,263.293678,103.625632,-1108.896116,2.032991259,0.064416176,116.481819,3.690775
P58,153.000000,0.000000,0.000000,-180.000000,76.000000,0.000000,264.311603,103.178556,-1106.188797,2.017343186,0.060616631,115.585250,3.473077
P59,0.000000,52.000000,0.000000,-180.000000,36.000000,0.000000,0.172472,-198.111285,-1133.267134,2.370291216,0.000115722,135.807683,0.006630
P60,0.000000,54.000000,0.000000,-180.000000,36.000000,0.000000,0.172424,-204.493135,-1132.132959,2.364657038,0.000115481,135.484868,0.006617
P61,0.000000,55.000000,0.000000,-180.000000,37.000000,0.000000,0.172182,-210.526059,-1129.569701,2.344382749,0.000113880,134.323237,0.006525
P62,0.000000,57.000000,0.000000,-180.000000,37.000000,0.000000,0.172135,-216.904604,-1128.362230,2.338732865,0.000113643,133.999523,0.006511
P63,0.000000,58.000000,0.000000,-180.000000,38.000000,0.000000,0.171886,-222.883433,-1125.689258,2.318450652,0.000112015,132.837437,0.006418
P64,0.000000,60.000000,0.000000,-180.000000,39.000000,0.000000,0.171607,-231.997243,-1122.289621,2.295331485,0.000110241,131.512807,0.006316
P65,0.000000,61.000000,0.000000,-180.000000,39.000000,0.000000,0.171584,-235.180226,-1121.626933,2.292494499,0.000110126,131.350259,0.006310
P66,0.000000,63.000000,0.000000,-180.000000,40.000000,0.000000,0.171299,-244.233110,-1118.083332,2.269359056,0.000108328,130.024696,0.006207
P67,0.000000,64.000000,0.000000,-180.000000,40.000000,0.000000,0.171277,-247.413284,-1117.383916,2.266513859,0.000108216,129.861678,0.006200
P68,0.000000,66.000000,0.000000,-180.000000,41.000000,0.000000,0.170986,-256.402539,-1113.697654,2.243361846,0.000106394,128.535166,0.006096
P69,0.000000,67.000000,0.000000,-180.000000,42.000000,0.000000,0.170711,-262.158742,-1110.650425,2.223054998,0.000104655,127.371669,0.005996
P70,0.000000,69.000000,0.000000,-180.000000,42.000000,0.000000,0.170667,-268.502444,-1109.133902,2.217339412,0.000104438,127.044190,0.005984
P71,0.000000,70.000000,0.000000,-180.000000,43.000000,0.000000,0.170386,-274.193980,-1105.983502,2.197024056,0.000102675,125.880206,0.005883
P72,0.000000,72.000000,0.000000,-180.000000,43.000000,0.000000,0.170342,-280.529772,-1104.393451,2.191291301,0.000102463,125.551743,0.005871
P73,0.000000,73.000000,0.000000,-180.000000,44.000000,0.000000,0.170055,-286.154454,-1101.141389,2.170967284,0.000100676,124.387263,0.005768
P74,0.000000,75.000000,0.000000,-180.000000,45.000000,0.000000,0.169741,-294.879616,-1096.979238,2.147763761,0.000098760,123.057799,0.005659
P75,0.000000,76.000000,0.000000,-180.000000,45.000000,0.000000,0.169720,-298.037186,-1096.125573,2.144884220,0.000098658,122.892813,0.005653
P76,0.000000,78.000000,0.000000,-180.000000,46.000000,0.000000,0.169400,-306.686756,-1091.828028,2.121662906,0.000096722,121.562330,0.005542
P77,0.000000,79.000000,0.000000,-180.000000,46.000000,0.000000,0.169380,-309.839235,-1090.937605,2.118774390,0.000096623,121.396830,0.005536
P78,0.000000,81.000000,0.000000,-180.000000,47.000000,0.000000,0.169055,-318.410726,-1086.506296,2.095534967,0.000094667,120.065309,0.005424
P79,0.000000,82.000000,0.000000,-180.000000,48.000000,0.000000,0.168744,-323.768316,-1082.913268,2.075184024,0.000092786,118.899286,0.005316
P80,0.000000,84.000000,0.000000,-180.000000,48.000000,0.000000,0.168705,-330.048668,-1081.015701,2.069379458,0.000092596,118.566709,0.005305
P81,0.000000,0.000000,96.000000,-180.000000,53.000000,0.000000,-172.649586,67.446244,-1156.388427,2.340837706,-0.093073127,134.120121,-5.332697
P82,0.000000,0.000000,97.000000,-180.000000,54.000000,0.000000,-174.137282,66.257075,-1154.564589,2.324692495,-0.091876290,133.195069,-5.264124
P83,0.000000,0.000000,99.000000,-180.000000,54.000000,0.000000,-177.848466,69.493397,-1154.894491,2.327181085,-0.093836014,133.337654,-5.376408
P84,0.000000,0.000000,101.000000,-180.000000,55.000000,0.000000,-181.170673,69.950137,-1153.180869,2.312290816,-0.093475417,132.484505,-5.355747
P85,0.000000,0.000000,102.000000,-180.000000,56.000000,0.000000,-182.621665,68.819138,-1151.266052,2.296167694,-0.092058444,131.560718,-5.274560
P86,0.000000,0.000000,104.000000,-180.000000,56.000000,0.000000,-186.326933,72.054439,-1151.561444,2.298655767,-0.093927439,131.703274,-5.381646
P87,0.000000,0.000000,105.000000,-180.000000,57.000000,0.000000,-187.757460,70.952379,-1149.601476,2.282546007,-0.092386638,130.780253,-5.293364
P88,0.000000,0.000000,107.000000,-180.000000,57.000000,0.000000,-191.460442,74.187986,-1149.874299,2.285034085,-0.094209646,130.922809,-5.397815
P89,0.000000,0.000000,108.000000,-180.000000,58.000000,0.000000,-192.870072,73.115318,-1147.869673,2.268939074,-0.092543614,130.000633,-5.302358
P90,0.000000,0.000000,110.000000,-180.000000,59.000000,0.000000,-196.111458,73.691808,-1145.949435,2.254103046,-0.091663615,129.150591,-5.251938
P91,0.000000,0.000000,111.000000,-180.000000,59.000000,0.000000,-197.958839,75.308288,-1146.071085,2.255349042,-0.092527282,129.221981,-5.301423
P92,0.000000,0.000000,113.000000,-180.000000,60.000000,0.000000,-201.177218,75.915151,-1144.095867,2.240531048,-0.091496091,128.372973,-5.242340
P93,0.000000,0.000000,114.000000,-180.000000,60.000000,0.000000,-203.023115,77.531621,-1144.206160,2.241778110,-0.092335661,128.444424,-5.290444
P94,0.000000,0.000000,116.000000,-180.000000,61.000000,0.000000,-206.217978,78.169241,-1142.176451,2.226979991,-0.091151769,127.596555,-5.222612
P95,0.000000,0.000000,117.000000,-180.000000,62.000000,0.000000,-207.550775,77.224723,-1140.000831,2.210950061,-0.089049457,126.678107,-5.102158
P96,0.000000,0.000000,119.000000,-180.000000,62.000000,0.000000,-211.233125,80.454407,-1140.191650,2.213452151,-0.090628880,126.821466,-5.192652
P97,0.000000,0.000000,120.000000,-180.000000,63.000000,0.000000,-212.543345,79.541615,-1137.973977,2.197443284,-0.088396577,125.904226,-5.064751
P98,0.000000,0.000000,122.000000,-180.000000,63.000000,0.000000,-216.222064,82.770974,-1138.141939,2.199949841,-0.089925771,126.047841,-5.152367
P99,0.000000,0.000000,123.000000,-180.000000,64.000000,0.000000,-217.509362,81.890335,-1135.882748,2.183963504,-0.087562599,125.131891,-5.016967
P100,0.000000,0.000000,125.000000,-180.000000,65.000000,0.000000,-220.614215,82.658436,-1133.658650,2.169253619,-0.085833184,124.289077,-4.917879
P101,0.000000,0.000000,126.000000,-180.000000,65.000000,0.000000,-222.448265,84.271201,-1133.727631,2.170513069,-0.086546077,124.361238,-4.958725
P102,0.000000,0.000000,128.000000,-180.000000,66.000000,0.000000,-225.527596,85.072073,-1131.451635,2.155831406,-0.084658832,123.520041,-4.850594
P103,0.000000,0.000000,129.000000,-180.000000,66.000000,0.000000,-227.359511,86.684530,-1131.509117,2.157094348,-0.085345684,123.592402,-4.889948
P104,0.000000,0.000000,131.000000,-180.000000,67.000000,0.000000,-230.412909,87.518537,-1129.181751,2.142442824,-0.083299699,122.752932,-4.772721
P105,0.000000,0.000000,132.000000,-180.000000,68.000000,0.000000,-231.617567,86.777595,-1126.764781,2.126547373,-0.080487712,121.842189,-4.611606
P106,0.000000,0.000000,134.000000,-180.000000,68.000000,0.000000,-235.269649,89.998140,-1126.849498,2.129090257,-0.081754682,121.987886,-4.684198
P107,0.000000,0.000000,135.000000,-180.000000,69.000000,0.000000,-236.450132,89.291534,-1124.393812,2.113223562,-0.078809567,121.078791,-4.515456
P108,0.000000,0.000000,137.000000,-180.000000,69.000000,0.000000,-240.097328,92.511191,-1124.455386,2.115776096,-0.080022800,121.225041,-4.584969
P109,0.000000,0.000000,138.000000,-180.000000,70.000000,0.000000,-241.253386,91.839318,-1121.961551,2.099939555,-0.076944221,120.317674,-4.408579
P110,0.000000,0.000000,140.000000,-180.000000,71.000000,0.000000,-244.209694,92.813857,-1119.452974,2.085410518,-0.074339127,119.485221,-4.259318
P111,0.000000,0.000000,141.000000,-180.000000,71.000000,0.000000,-246.026881,94.421250,-1119.468516,2.086697716,-0.074890906,119.558972,-4.290933
P112,0.000000,0.000000,143.000000,-180.000000,72.000000,0.000000,-248.955738,95.430807,-1116.911328,2.072206981,-0.072124792,118.728714,-4.132446
P113,0.000000,0.000000,144.000000,-180.000000,72.000000,0.000000,-250.770189,97.037630,-1116.915225,2.073500395,-0.072648975,118.802821,-4.162480
P114,0.000000,0.000000,146.000000,-180.000000,73.000000,0.000000,-253.671291,98.082545,-1114.309978,2.059049781,-0.069721541,117.974862,-3.994750
P115,0.000000,0.000000,147.000000,-180.000000,74.000000,0.000000,-254.740907,97.561058,-1111.672414,2.043327515,-0.066192810,117.074043,-3.792569
P116,0.000000,0.000000,149.000000,-180.000000,74.000000,0.000000,-258.355962,100.769364,-1111.649449,2.045941218,-0.067128954,117.223797,-3.846206
P117,0.000000,0.000000,150.000000,-180.000000,75.000000,0.000000,-259.400363,100.284621,-1108.976675,2.030254566,-0.063467024,116.325018,-3.636393
P118,0.000000,0.000000,152.000000,-180.000000,75.000000,0.000000,-263.009387,103.491555,-1108.930266,2.032883562,-0.064346726,116.475648,-3.686796
P119,0.000000,0.000000,153.000000,-180.000000,76.000000,0.000000,-264.028422,103.043921,-1106.222871,2.017233709,-0.060551798,115.578978,-3.469362
P120,63.000000,63.000000,0.000000,-180.000000,40.000000,0.000000,114.261634,-145.476374,-1163.453746,2.356840208,0.072400848,135.036997,4.148263
P121,64.000000,64.000000,0.000000,-180.000000,40.000000,0.000000,116.109091,-147.071682,-1163.616157,2.355427163,0.073509236,134.956035,4.211769
P122,66.000000,66.000000,0.000000,-180.000000,41.000000,0.000000,119.635498,-153.091869,-1161.933380,2.335130760,0.074600292,133.793137,4.274282
P123,67.000000,67.000000,0.000000,-180.000000,42.000000,0.000000,121.304236,-157.476026,-1160.032357,2.316249663,0.074527080,132.711330,4.270087
P124,69.000000,69.000000,0.000000,-180.000000,42.000000,0.000000,125.000123,-160.663072,-1160.298394,2.313410529,0.076668032,132.548660,4.392755
P125,70.000000,70.000000,0.000000,-180.000000,43.000000,0.000000,126.656928,-165.002237,-1158.320571,2.294527576,0.076501152,131.466746,4.383193
P126,72.000000,72.000000,0.000000,-180.000000,43.000000,0.000000,130.355077,-168.188430,-1158.549861,2.291679943,0.078602021,131.303589,4.503564
P127,73.000000,73.000000,0.000000,-180.000000,44.000000,0.000000,131.999574,-172.481255,-1156.496297,2.272795651,0.078339867,130.221598,4.488544
P128,75.000000,75.000000,0.000000,-180.000000,45.000000,0.000000,135.482433,-178.320772,-1154.475165,2.252484632,0.079030132,129.057863,4.528093
P129,76.000000,76.000000,0.000000,-180.000000,45.000000,0.000000,137.331770,-179.911576,-1154.560660,2.251054416,0.080041322,128.975918,4.586030
P130,78.000000,78.000000,0.000000,-180.000000,46.000000,0.000000,140.802735,-185.701602,-1152.447601,2.230738887,0.080613119,127.811923,4.618791
P131,79.000000,79.000000,0.000000,-180.000000,46.000000,0.000000,142.653127,-187.291724,-1152.514807,2.229304456,0.081603691,127.729737,4.675547
P132,81.000000,81.000000,0.000000,-180.000000,47.000000,0.000000,146.111839,-193.030894,-1150.310976,2.208985042,0.082055440,126.565520,4.701430
P133,82.000000,82.000000,0.000000,-180.000000,48.000000,0.000000,147.708476,-197.132524,-1147.989891,2.190104920,0.081455223,125.483769,4.667041
P134,84.000000,84.000000,0.000000,-180.000000,48.000000,0.000000,151.409385,-200.307223,-1148.066486,2.187223776,0.083355424,125.318691,4.775914
P135,85.000000,85.000000,0.000000,-180.000000,49.000000,0.000000,152.992140,-204.356343,-1145.675165,2.168345179,0.082653571,124.237027,4.735701
P136,87.000000,87.000000,0.000000,-180.000000,49.000000,0.000000,156.695027,-207.529196,-1145.715350,2.165455816,0.084511483,124.071479,4.842151
P137,88.000000,88.000000,0.000000,-180.000000,50.000000,0.000000,158.263593,-211.524597,-1143.255003,2.146579446,0.083706785,122.989943,4.796045
P138,90.000000,90.000000,0.000000,-180.000000,51.000000,0.000000,161.671191,-217.052742,-1140.739234,2.126258949,0.083726068,121.825664,4.797150
P139,91.000000,91.000000,0.000000,-180.000000,51.000000,0.000000,163.522516,-218.635944,-1140.730666,2.124808521,0.084613431,121.742561,4.847992
P140,93.000000,93.000000,0.000000,-180.000000,52.000000,0.000000,166.916350,-224.107022,-1138.130131,2.104487607,0.084506414,120.578258,4.841861
P141,94.000000,94.000000,0.000000,-180.000000,52.000000,0.000000,168.768609,-225.689075,-1138.103436,2.103033241,0.085372159,120.494929,4.891464
P142,96.000000,96.000000,0.000000,-180.000000,53.000000,0.000000,172.148398,-231.101878,-1135.419426,2.082712728,0.085137709,119.330649,4.878031
P143,97.000000,97.000000,0.000000,-180.000000,54.000000,0.000000,173.663096,-234.879247,-1132.718665,2.063854434,0.083972479,118.250149,4.811269
P144,99.000000,99.000000,0.000000,-180.000000,54.000000,0.000000,177.367065,-238.036056,-1132.608440,2.060935211,0.085618767,118.082889,4.905594
P145,128.000000,0.000000,128.000000,-180.000000,66.000000,0.000000,0.142625,288.301717,-1187.350679,2.320027851,0.000053241,132.927804,0.003050
P146,129.000000,0.000000,129.000000,-180.000000,66.000000,0.000000,0.142484,291.651581,-1187.593770,2.322565023,0.000053184,133.073173,0.003047
P147,131.000000,0.000000,131.000000,-180.000000,67.000000,0.000000,0.141828,295.592009,-1185.973161,2.310187895,0.000050981,132.364016,0.002921
P148,132.000000,0.000000,132.000000,-180.000000,68.000000,0.000000,0.141310,296.208624,-1184.075358,2.295273658,0.000048825,131.509493,0.002797
P149,134.000000,0.000000,134.000000,-180.000000,68.000000,0.000000,0.141033,302.921126,-1184.502312,2.300353870,0.000048721,131.800568,0.002791
P150,135.000000,0.000000,135.000000,-180.000000,69.000000,0.000000,0.140513,303.564817,-1182.555424,2.285441798,0.000046559,130.946169,0.002668
P151,137.000000,0.000000,137.000000,-180.000000,69.000000,0.000000,0.140239,310.289543,-1182.937552,2.290526626,0.000046460,131.237509,0.002662
P152,138.000000,0.000000,138.000000,-180.000000,70.000000,0.000000,0.139717,310.960634,-1180.941533,2.275617005,0.000044293,130.383250,0.002538
P153,140.000000,0.000000,140.000000,-180.000000,71.000000,0.000000,0.139058,315.027693,-1179.072762,2.263253733,0.000042073,129.674887,0.002411
P154,141.000000,0.000000,141.000000,-180.000000,71.000000,0.000000,0.138923,318.396550,-1179.233076,2.265800147,0.000042028,129.820786,0.002408
P155,143.000000,0.000000,143.000000,-180.000000,72.000000,0.000000,0.138264,322.497913,-1177.292256,2.253442654,0.000039807,129.112753,0.002281
P156,144.000000,0.000000,144.000000,-180.000000,72.000000,0.000000,0.138130,325.873042,-1177.429419,2.255992105,0.000039765,129.258826,0.002278
P157,146.000000,0.000000,146.000000,-180.000000,73.000000,0.000000,0.137471,330.009105,-1175.416193,2.243640985,0.000037543,128.551159,0.002151
P158,147.000000,0.000000,147.000000,-180.000000,74.000000,0.000000,0.136942,330.798237,-1173.233567,2.228740482,0.000035357,127.697423,0.002026
P159,149.000000,0.000000,149.000000,-180.000000,74.000000,0.000000,0.136680,337.561747,-1173.443898,2.233849634,0.000035282,127.990156,0.002022
P160,150.000000,0.000000,150.000000,-180.000000,75.000000,0.000000,0.136150,338.379918,-1171.212240,2.218952774,0.000033095,127.136629,0.001896
P161,152.000000,0.000000,152.000000,-180.000000,75.000000,0.000000,0.135891,345.156319,-1171.374664,2.224069523,0.000033025,127.429797,0.001892
P162,153.000000,0.000000,153.000000,-180.000000,76.000000,0.000000,0.135360,346.003835,-1169.093902,2.209176617,0.000030837,126.576496,0.001767
P163,155.000000,0.000000,155.000000,-180.000000,77.000000,0.000000,0.134700,350.275494,-1166.829929,2.196848299,0.000028613,125.870136,0.001639
P164,156.000000,0.000000,156.000000,-180.000000,77.000000,0.000000,0.134572,353.670468,-1166.877811,2.199412958,0.000028583,126.017080,0.001638
P165,158.000000,0.000000,158.000000,-180.000000,78.000000,0.000000,0.133913,357.978690,-1164.540137,2.187093506,0.000026363,125.311227,0.001510
P166,159.000000,0.000000,159.000000,-180.000000,78.000000,0.000000,0.133786,361.380298,-1164.563192,2.189662761,0.000026335,125.458435,0.001509
P167,161.000000,0.000000,161.000000,-180.000000,79.000000,0.000000,0.133128,365.725474,-1162.151372,2.177352830,0.000024118,124.753128,0.001382
P168,162.000000,0.000000,162.000000,-180.000000,80.000000,0.000000,0.132594,366.699209,-1159.686285,2.162473719,0.000021926,123.900617,0.001256
P169,164.000000,0.000000,164.000000,-180.000000,80.000000,0.000000,0.132345,373.516331,-1159.662806,2.167627270,0.000021881,124.195894,0.001254
P170,165.000000,0.000000,165.000000,-180.000000,81.000000,0.000000,0.131811,374.520947,-1157.148609,2.152753424,0.000019691,123.343686,0.001128
P171,167.000000,0.000000,167.000000,-180.000000,81.000000,0.000000,0.131565,381.351748,-1157.073575,2.157917849,0.000019650,123.639585,0.001126
P172,168.000000,0.000000,168.000000,-180.000000,82.000000,0.000000,0.131030,382.387533,-1154.510155,2.143049614,0.000017464,122.787698,0.001001
P173,170.000000,0.000000,170.000000,-180.000000,83.000000,0.000000,0.130374,386.876904,-1151.843891,2.130772321,0.000015261,122.084261,0.000874
P174,171.000000,0.000000,171.000000,-180.000000,83.000000,0.000000,0.130253,390.299456,-1151.770011,2.133363343,0.000015245,122.232716,0.000873
P175,173.000000,0.000000,173.000000,-180.000000,84.000000,0.000000,0.129597,394.827592,-1149.027919,2.121098341,0.000013049,121.529983,0.000748
P176,174.000000,0.000000,174.000000,-180.000000,84.000000,0.000000,0.129478,398.257207,-1148.927224,2.123695691,0.000013035,121.678800,0.000747
P177,176.000000,0.000000,176.000000,-180.000000,85.000000,0.000000,0.128824,402.824495,-1146.108742,2.111443716,0.000010846,120.976814,0.000621
P178,177.000000,0.000000,177.000000,-180.000000,86.000000,0.000000,0.128289,403.994105,-1143.362913,2.096594474,0.000008672,120.126015,0.000497
P179,179.000000,0.000000,179.000000,-180.000000,86.000000,0.000000,0.128054,410.868112,-1143.085335,2.101809573,0.000008654,120.424818,0.000496
P180,180.000000,0.000000,180.000000,-180.000000,87.000000,0.000000,0.127519,412.070317,-1140.290107,2.086967414,0.000006486,119.574425,0.000372
P181,182.000000,0.000000,182.000000,-180.000000,87.000000,0.000000,0.127286,418.958945,-1139.956631,2.092197070,0.000006473,119.874062,0.000371
P182,183.000000,0.000000,183.000000,-180.000000,88.000000,0.000000,0.126753,420.194014,-1137.111834,2.077362388,0.000004312,119.024097,0.000247
P183,185.000000,0.000000,185.000000,-180.000000,89.000000,0.000000,0.126104,424.913736,-1134.033651,2.065154106,0.000002152,118.324614,0.000123
P184,186.000000,0.000000,186.000000,-180.000000,89.000000,0.000000,0.125989,428.365701,-1133.826960,2.067780597,0.000002150,118.475101,0.000123
P185,188.000000,0.000000,188.000000,-180.000000,90.000000,0.000000,0.125343,433.126344,-1130.670185,2.055588489,0.000000000,117.776545,0.000000
P186,189.000000,0.000000,189.000000,-180.000000,90.000000,0.000000,0.125229,436.585889,-1130.434304,2.058223277,0.000000000,117.927507,0.000000
P187,191.000000,0.000000,191.000000,-180.000000,91.000000,0.000000,0.124585,441.387840,-1127.198217,2.046048191,-0.000002139,117.229926,-0.000123
P188,192.000000,0.000000,192.000000,-180.000000,92.000000,0.000000,0.124054,442.763730,-1124.172259,2.031238413,-0.000004273,116.381388,-0.000245
P189,194.000000,0.000000,194.000000,-180.000000,92.000000,0.000000,0.123831,449.698746,-1123.616472,2.036534511,-0.000004264,116.684832,-0.000244
P190,195.000000,0.000000,195.000000,-180.000000,93.000000,0.000000,0.123301,451.108815,-1120.540510,2.021733902,-0.000006388,115.836820,-0.000366
P191,197.000000,0.000000,197.000000,-180.000000,93.000000,0.000000,0.123080,458.059590,-1119.923614,2.027048793,-0.000006375,116.141341,-0.000365
P192,198.000000,0.000000,198.000000,-180.000000,94.000000,0.000000,0.122552,459.504086,-1116.797396,2.012257810,-0.000008488,115.293880,-0.000486
P193,200.000000,0.000000,200.000000,-180.000000,95.000000,0.000000,0.121915,464.466385,-1113.294183,2.000139131,-0.000010584,114.599531,-0.000606
P194,202.000000,0.000000,202.000000,-180.000000,95.000000,0.000000,0.121698,471.439028,-1112.576426,2.005487425,-0.000010563,114.905965,-0.000605
P195,203.000000,0.000000,203.000000,-180.000000,96.000000,0.000000,0.121172,472.955435,-1109.356068,1.990713546,-0.000012655,114.059484,-0.000725
P196,205.000000,0.000000,205.000000,-180.000000,97.000000,0.000000,0.120540,478.001257,-1105.707486,1.978629892,-0.000014725,113.367142,-0.000844
P197,206.000000,0.000000,206.000000,-180.000000,97.000000,0.000000,0.120434,481.496147,-1105.302753,1.981320230,-0.000014711,113.521287,-0.000843
P198,209.000000,0.000000,209.000000,-180.000000,98.000000,0.000000,0.119699,490.089082,-1101.132630,1.971960722,-0.000016749,112.985027,-0.000960
P199,0.000000,61.000000,61.000000,-180.000000,39.000000,0.000000,-110.394638,-139.479482,-1165.040554,2.377086109,-0.070986667,136.197002,-4.067236
P200,0.000000,63.000000,63.000000,-180.000000,40.000000,0.000000,-113.932038,-145.544448,-1163.454510,2.356795138,-0.072191603,135.034415,-4.136274
P201,0.000000,64.000000,64.000000,-180.000000,40.000000,0.000000,-115.779752,-147.140926,-1163.616779,2.355381291,-0.073300320,134.953407,-4.199799
P202,0.000000,66.000000,66.000000,-180.000000,41.000000,0.000000,-119.307148,-153.163335,-1161.933484,2.335083349,-0.074395127,133.790421,-4.262527
P203,0.000000,67.000000,67.000000,-180.000000,42.000000,0.000000,-120.976628,-157.548535,-1160.032079,2.316201499,-0.074325392,132.708570,-4.258531
P204,0.000000,69.000000,69.000000,-180.000000,42.000000,0.000000,-124.673029,-160.737933,-1160.297774,2.313360742,-0.076466976,132.545807,-4.381235
P205,0.000000,70.000000,70.000000,-180.000000,43.000000,0.000000,-126.330589,-165.078137,-1158.319542,2.294477013,-0.076303614,131.463849,-4.371875
P206,0.000000,72.000000,72.000000,-180.000000,43.000000,0.000000,-130.029251,-168.266691,-1158.548454,2.291627742,-0.078405102,131.300598,-4.492281
P207,0.000000,73.000000,73.000000,-180.000000,44.000000,0.000000,-131.674513,-172.560549,-1156.494455,2.272742650,-0.078146505,130.218562,-4.477465
P208,0.000000,75.000000,75.000000,-180.000000,45.000000,0.000000,-135.158405,-178.402277,-1154.472664,2.252429982,-0.078840674,129.054732,-4.517238
P209,0.000000,76.000000,76.000000,-180.000000,45.000000,0.000000,-137.007998,-179.994266,-1154.557941,2.250998935,-0.079852160,128.972739,-4.575192
P210,0.000000,78.000000,78.000000,-180.000000,46.000000,0.000000,-140.480005,-185.786500,-1152.444178,2.230681722,-0.080427891,127.808648,-4.608179
P211,0.000000,79.000000,79.000000,-180.000000,46.000000,0.000000,-142.330653,-187.377812,-1152.511148,2.229246451,-0.081418753,127.726413,-4.664951
P212,0.000000,81.000000,81.000000,-180.000000,47.000000,0.000000,-145.790418,-193.119186,-1150.306569,2.208925316,-0.081874464,126.562098,-4.691061
P213,0.000000,82.000000,82.000000,-180.000000,48.000000,0.000000,-147.387863,-197.221821,-1147.984969,2.190044292,-0.081277964,125.480295,-4.656884
P214,0.000000,84.000000,84.000000,-180.000000,48.000000,0.000000,-151.089281,-200.398910,-1148.061033,2.187161441,-0.083178721,125.315120,-4.765790
P215,0.000000,85.000000,85.000000,-180.000000,49.000000,0.000000,-152.672853,-204.449026,-1145.669171,2.168281911,-0.082480616,124.233402,-4.725791
P216,0.000000,87.000000,87.000000,-180.000000,49.000000,0.000000,-156.376248,-207.624275,-1145.708787,2.165390824,-0.084339071,124.067755,-4.832273
P217,0.000000,88.000000,88.000000,-180.000000,50.000000,0.000000,-157.945641,-211.620664,-1143.247874,2.146513487,-0.083538151,122.986163,-4.786383
P218,0.000000,90.000000,90.000000,-180.000000,51.000000,0.000000,-161.354330,-217.150989,-1140.731222,2.126191125,-0.083561512,121.821778,-4.787722
P219,0.000000,91.000000,91.000000,-180.000000,51.000000,0.000000,-163.205908,-218.735393,-1140.722340,2.124739819,-0.084449134,121.738624,-4.838579
P220,0.000000,93.000000,93.000000,-180.000000,52.000000,0.000000,-166.600841,-224.208645,-1138.120879,2.104416995,-0.084346215,120.574212,-4.832682
P221,0.000000,94.000000,94.000000,-180.000000,52.000000,0.000000,-168.453353,-225.791902,-1138.093852,2.102961742,-0.085212212,120.490832,-4.882300
P222,0.000000,96.000000,96.000000,-180.000000,53.000000,0.000000,-171.834249,-231.206871,-1135.408873,2.082639272,-0.084981879,119.326441,-4.869103
P223,0.000000,97.000000,97.000000,-180.000000,54.000000,0.000000,-173.349810,-234.985192,-1132.707471,2.063779885,-0.083820548,118.245877,-4.802564
P224,0.000000,99.000000,99.000000,-180.000000,54.000000,0.000000,-177.054284,-238.144415,-1132.596524,2.060858854,-0.085467316,118.078515,-4.896917
P225,75.000000,75.000000,75.000000,-180.000000,45.000000,0.000000,0.157138,-61.273760,-1212.971552,2.356385317,0.000091611,135.010934,0.005249
P226,76.000000,76.000000,76.000000,-180.000000,45.000000,0.000000,0.156976,-61.273998,-1214.013965,2.356384957,0.000091438,135.010913,0.005239
P227,78.000000,78.000000,78.000000,-180.000000,46.000000,0.000000,0.156397,-64.103623,-1214.100991,2.338930949,0.000089490,134.010872,0.005127
P228,79.000000,79.000000,79.000000,-180.000000,46.000000,0.000000,0.156238,-64.103858,-1215.142936,2.338930593,0.000089323,134.010852,0.005118
P229,81.000000,81.000000,81.000000,-180.000000,47.000000,0.000000,0.155659,-66.898185,-1215.179960,2.321476593,0.000087367,133.010811,0.005006
P230,82.000000,82.000000,82.000000,-180.000000,48.000000,0.000000,0.155234,-69.656135,-1214.126589,2.304022949,0.000085559,132.010791,0.004902
P231,84.000000,84.000000,84.000000,-180.000000,48.000000,0.000000,0.154923,-69.656594,-1216.209106,2.304022250,0.000085241,132.010751,0.004884
P232,85.000000,85.000000,85.000000,-180.000000,49.000000,0.000000,0.154496,-72.377558,-1215.107470,2.286568610,0.000083421,131.010731,0.004780
P233,87.000000,87.000000,87.000000,-180.000000,49.000000,0.000000,0.154189,-72.378010,-1217.189090,2.286567919,0.000083113,131.010691,0.004762
P234,88.000000,88.000000,88.000000,-180.000000,50.000000,0.000000,0.153760,-75.061160,-1216.039850,2.269114282,0.000081282,130.010672,0.004657
P235,90.000000,90.000000,90.000000,-180.000000,51.000000,0.000000,0.153176,-77.705902,-1215.884267,2.251660307,0.000079287,129.010632,0.004543
P236,91.000000,91.000000,91.000000,-180.000000,51.000000,0.000000,0.153027,-77.706122,-1216.924418,2.251659967,0.000079142,129.010613,0.004534
P237,93.000000,93.000000,93.000000,-180.000000,52.000000,0.000000,0.152443,-80.311424,-1216.722156,2.234205999,0.000077142,128.010574,0.004420
P238,94.000000,94.000000,94.000000,-180.000000,52.000000,0.000000,0.152296,-80.311641,-1217.761876,2.234205663,0.000077001,128.010555,0.004412
P239,96.000000,96.000000,96.000000,-180.000000,53.000000,0.000000,0.151713,-82.876708,-1217.513645,2.216751703,0.000074997,127.010517,0.004297
P240,97.000000,97.000000,97.000000,-180.000000,54.000000,0.000000,0.151272,-85.400550,-1216.181288,2.199298078,0.000073116,126.010498,0.004189
P241,99.000000,99.000000,99.000000,-180.000000,54.000000,0.000000,0.150985,-85.400974,-1218.259464,2.199297417,0.000072852,126.010460,0.004174
P242,101.000000,101.000000,101.000000,-180.000000,55.000000,0.000000,0.150401,-87.883244,-1217.921750,2.181843469,0.000070836,125.010422,0.004059
P243,102.000000,102.000000,102.000000,-180.000000,56.000000,0.000000,0.149956,-90.322770,-1216.502070,2.164389851,0.000068936,124.010404,0.003950
P244,104.000000,104.000000,104.000000,-180.000000,56.000000,0.000000,0.149676,-90.323183,-1218.578876,2.164389203,0.000068690,124.010367,0.003936
P245,105.000000,105.000000,105.000000,-180.000000,57.000000,0.000000,0.149230,-92.719428,-1217.116592,2.146935588,0.000066783,123.010348,0.003826
P246,107.000000,107.000000,107.000000,-180.000000,57.000000,0.000000,0.148954,-92.719835,-1219.192594,2.146934947,0.000066545,123.010311,0.003813
P247,108.000000,108.000000,108.000000,-180.000000,58.000000,0.000000,0.148506,-95.072070,-1217.688473,2.129481335,0.000064632,122.010293,0.003703
P248,110.000000,110.000000,110.000000,-180.000000,59.000000,0.000000,0.147920,-97.379782,-1217.181097,2.112027409,0.000062596,121.010257,0.003586
P249,111.000000,111.000000,111.000000,-180.000000,59.000000,0.000000,0.147786,-97.379980,-1218.218506,2.112027094,0.000062485,121.010239,0.003580
P250,113.000000,113.000000,113.000000,-180.000000,60.000000,0.000000,0.147201,-99.642259,-1217.670475,2.094573174,0.000060448,120.010203,0.003463
P251,114.000000,114.000000,114.000000,-180.000000,60.000000,0.000000,0.147068,-99.642455,-1218.707498,2.094572862,0.000060342,120.010185,0.003457
P252,116.000000,116.000000,116.000000,-180.000000,61.000000,0.000000,0.146484,-101.858613,-1218.119622,2.077118949,0.000058305,119.010149,0.003341
P253,117.000000,117.000000,117.000000,-180.000000,62.000000,0.000000,0.146029,-104.027786,-1216.456458,2.059665348,0.000056362,118.010132,0.003229
P254,119.000000,119.000000,119.000000,-180.000000,62.000000,0.000000,0.145770,-104.028167,-1218.529368,2.059664734,0.000056166,118.010096,0.003218
P255,120.000000,120.000000,120.000000,-180.000000,63.000000,0.000000,0.145314,-106.149886,-1216.828385,2.042211137,0.000054220,117.010079,0.003107
P256,122.000000,122.000000,122.000000,-180.000000,63.000000,0.000000,0.145060,-106.150262,-1218.900553,2.042210530,0.000054033,117.010044,0.003096
P257,123.000000,123.000000,123.000000,-180.000000,64.000000,0.000000,0.144603,-108.223881,-1217.162590,2.024756935,0.000052084,116.010027,0.002984
